Title,ISBN,Source,Cover,Price,MRP,Discount,Format,Rating

"Oswaal NCERT Exemplar (Problems - Solutions) Class 11 Physics, Chemistry and Biology (Set of 3 Books) For 2024 Exam",9789359585895,https://www.flipkart.com/oswaal-ncert-exemplar-problems-solutions-class-11-physics-chemistry-biology-set-3-books-2024-exam/p/itm67787f92e1b81?pid=9789359585895,https://rukminim2.flixcart.com/image/612/612/xif0q/book/w/e/v/oswaal-ncert-exemplar-problems-solutions-class-11-physics-original-imagu7m2egk2hdmc.jpeg?q=70,₹766,₹957,19% off,"Product Bundle, Oswaal Editorial Board",
"Oswaal GK Digest, General Knowledge Book English Medium (Latest Edition) | Covering All Competitive, Government & Entrance Exams | For School, College & Jobs Exams",9789357289030,https://www.flipkart.com/oswaal-gk-digest-general-knowledge-book-english-medium-latest-edition-covering-all-competitive-government-entrance-exams-school-college-jobs/p/itm86116d59574f8?pid=9789357289030,https://rukminim2.flixcart.com/image/612/612/xif0q/book/v/k/5/oswaal-gk-digest-general-knowledge-book-english-medium-latest-original-imaguqh63mtyztej.jpeg?q=70,₹179,₹199,10% off,"Paperback, Oswaal Editorial Board",3.6
Oswaal Government Exams Question Bank Graduation Pass | Logical Reasoning | For 2024 Exam,9789359585956,https://www.flipkart.com/oswaal-government-exams-question-bank-graduation-pass-logical-reasoning-2024-exam/p/itme59aa59b3d489?pid=9789359585956,https://rukminim2.flixcart.com/image/612/612/xif0q/book/p/v/v/oswaal-government-exams-question-bank-graduation-pass-logical-original-imagxe4yjzhhwmm7.jpeg?q=70,₹299,₹599,50% off,"Paperback, Oswaal Editorial Board",
Lil Legends Three Letter words | Phonic Reading Book | English Reading Book for Kids | For Kids | Age 3-5 Years,9789359586717,https://www.flipkart.com/lil-legends-three-letter-words-phonic-reading-book-english-kids-age-3-5-years/p/itm2446dae3aa23b?pid=9789359586717,https://rukminim2.flixcart.com/image/612/612/xif0q/book/h/b/y/lil-legends-three-letter-words-phonic-reading-book-english-original-imagy5fubwugwpxw.jpeg?q=70,₹359,₹399,10% off,"Paperback, Oswaal Editorial Board",
Oswaal One For All Olympiad Class 6 Science | Previous Years Solved Papers | For 2024-25 Exam,9789359580548,https://www.flipkart.com/oswaal-one-all-olympiad-class-6-science-previous-years-solved-papers-2024-25-exam/p/itmb2996ae6b430a?pid=9789359580548,https://rukminim2.flixcart.com/image/612/612/xif0q/book/3/o/1/-original-imahfy3zgysmgxax.jpeg?q=70,₹397,₹399,,"Paperback, Oswaal Editorial Board",2.6
Oswaal CBSE Laboratory Manual Class 6 Science Book | As Per NEP | Latest Updated,9789359589473,https://www.flipkart.com/oswaal-cbse-laboratory-manual-class-6-science-book-per-nep-latest-updated/p/itmed64e54e32237?pid=9789359589473,https://rukminim2.flixcart.com/image/612/612/xif0q/book/6/o/9/oswaal-cbse-laboratory-manual-class-6-science-book-as-per-nep-original-imahycztgyhekssz.jpeg?q=70,₹269,₹299,10% off,"Paperback, Oswaal Editorial Board",
Oswaal CBSE Laboratory Manual Class 7 Science Book | As Per NEP | Latest Updated,9789359585468,https://www.flipkart.com/oswaal-cbse-laboratory-manual-class-7-science-book-per-nep-latest-updated/p/itm249e76ad12352?pid=9789359585468,https://rukminim2.flixcart.com/image/612/612/xif0q/book/m/w/i/oswaal-cbse-laboratory-manual-class-7-science-book-as-per-nep-original-imahyczxha9zk75g.jpeg?q=70,₹299,,,"Paperback, Oswaal Editorial Board",
Oswaal CBSE Laboratory Manual Class 8 Science Book | As Per NEP | Latest Updated,9789359581750,https://www.flipkart.com/oswaal-cbse-laboratory-manual-class-8-science-book-per-nep-latest-updated/p/itm4741b56f3555d?pid=9789359581750,https://rukminim2.flixcart.com/image/612/612/xif0q/book/n/n/p/oswaal-cbse-laboratory-manual-class-8-science-book-as-per-nep-original-imahyctgr3hgefzg.jpeg?q=70,₹269,₹299,10% off,"Paperback, Oswaal Editorial Board",
Oswaal CBSE Laboratory Manual Class 8 Mathematics Book | As Per NEP | Latest Updated,9789359583327,https://www.flipkart.com/oswaal-cbse-laboratory-manual-class-8-mathematics-book-per-nep-latest-updated/p/itm272e12e95a8f7?pid=9789359583327,https://rukminim2.flixcart.com/image/612/612/xif0q/book/v/p/b/-original-imahyzyaythdmyzx.jpeg?q=70,₹269,₹299,10% off,"Paperback, Oswaal Editorial Board",
Oswaal CBSE Laboratory Manual Class 6 Mathematics Book | As Per NEP | Latest Updated,9789359585277,https://www.flipkart.com/oswaal-cbse-laboratory-manual-class-6-mathematics-book-per-nep-latest-updated/p/itmeaaf4a1360223?pid=9789359585277,https://rukminim2.flixcart.com/image/612/612/xif0q/book/k/4/v/oswaal-cbse-laboratory-manual-class-6-mathematics-book-as-per-original-imahygcrtusfhuy2.jpeg?q=70,₹269,₹299,10% off,"Paperback, Oswaal Editorial Board",
Oswaal CBSE Laboratory Manual Class 7 Mathematics Book | As Per NEP | Latest Updated,9789359589084,https://www.flipkart.com/oswaal-cbse-laboratory-manual-class-7-mathematics-book-per-nep-latest-updated/p/itm80aed2800f4ff?pid=9789359589084,https://rukminim2.flixcart.com/image/612/612/xif0q/book/v/l/z/oswaal-cbse-laboratory-manual-class-7-mathematics-book-as-per-original-imahyctynuuscjmy.jpeg?q=70,₹269,₹299,10% off,"Paperback, Oswaal Editorial Board",
Oswaal CBSE Question Bank + CBSE Workbook Class 9 English Language & Literature (Set of 2 Books) Updated As Per NCF For Latest Exam,9789362394330,https://www.flipkart.com/oswaal-cbse-question-bank-workbook-class-9-english-language-literature-set-2-books-updated-per-ncf-latest-exam/p/itm86d6c3b909ae5?pid=9789362394330,https://rukminim2.flixcart.com/image/612/612/xif0q/book/i/k/z/oswaal-cbse-question-bank-cbse-workbook-class-9-english-language-original-imahyasq3jbw7bwt.jpeg?q=70,₹718,₹898,20% off,"Product Bundle, Oswaal Editorial Board",
Oswaal CBSE Question Bank + CBSE Workbook Class 9 Mathematics (Set of 2 Books) Updated As Per NCF For Latest Exam,9789362393937,https://www.flipkart.com/oswaal-cbse-question-bank-workbook-class-9-mathematics-set-2-books-updated-per-ncf-latest-exam/p/itm0285ee8f5cb6d?pid=9789362393937,https://rukminim2.flixcart.com/image/612/612/xif0q/book/5/2/r/oswaal-cbse-question-bank-cbse-workbook-class-9-mathematics-set-original-imahyasteqhytekx.jpeg?q=70,₹638,₹798,20% off,"Product Bundle, Oswaal Editorial Board",
Oswaal CBSE Question Bank + CBSE Workbook Class 10 Mathematics Standard (Set of 2 Books) Updated As Per NCF For Latest Exam,9789362399069,https://www.flipkart.com/oswaal-cbse-question-bank-workbook-class-10-mathematics-standard-set-2-books-updated-per-ncf-latest-exam/p/itm6def509408b4a?pid=9789362399069,https://rukminim2.flixcart.com/image/612/612/xif0q/book/c/p/g/oswaal-cbse-question-bank-cbse-workbook-class-10-mathematics-original-imahyatfyfqgfbzf.jpeg?q=70,₹958,"₹1,198",20% off,"Product Bundle, Oswaal Editorial Board",
Oswaal CBSE Question Bank + CBSE Workbook Class 10 Social Science (Set of 2 Books) Updated As Per NCF For Latest Exam,9789362399366,https://www.flipkart.com/oswaal-cbse-question-bank-workbook-class-10-social-science-set-2-books-updated-per-ncf-latest-exam/p/itmda251dec53187?pid=9789362399366,https://rukminim2.flixcart.com/image/612/612/xif0q/book/b/r/e/oswaal-cbse-question-bank-cbse-workbook-class-10-social-science-original-imahyathvbbmgmrg.jpeg?q=70,₹958,"₹1,198",20% off,"Product Bundle, Oswaal Editorial Board",
Oswaal One For All Olympiad Previous Years' Solved Papers Class 1 (Set of 2 Books) Maths & Science for 2024-25 Exam,9789362396631,https://www.flipkart.com/oswaal-one-all-olympiad-previous-years-solved-papers-class-1-set-2-books-maths-science-2024-25-exam/p/itma7c3e0e648be6?pid=9789362396631,https://rukminim2.flixcart.com/image/612/612/xif0q/book/q/z/s/oswaal-one-for-all-olympiad-previous-years-solved-papers-class-1-original-imahy57yvb5wzfpb.jpeg?q=70,₹686,₹858,20% off,"Product Bundle, Oswaal Editorial Board",
Oswaal One For All Olympiad Previous Years' Solved Papers Class 2 (Set of 2 Books) Maths & Science for 2024-25 Exam,9789362394064,https://www.flipkart.com/oswaal-one-all-olympiad-previous-years-solved-papers-class-2-set-books-maths-science-2024-25-exam/p/itmcf3050f0b4a45?pid=9789362394064,https://rukminim2.flixcart.com/image/612/612/xif0q/book/s/3/c/oswaal-one-for-all-olympiad-previous-years-solved-papers-class-2-original-imahy576bpy2j9ea.jpeg?q=70,₹638,₹798,20% off,"Product Bundle, Oswaal Editorial Board",4.7
Oswaal One For All Olympiad Previous Years' Solved Papers Class 5 (Set of 2 Books) Maths & Science for 2024-25 Exam,9789362394880,https://www.flipkart.com/oswaal-one-all-olympiad-previous-years-solved-papers-class-5-set-2-books-maths-science-2024-25-exam/p/itm2dd3dd1f22dc7?pid=9789362394880,https://rukminim2.flixcart.com/image/612/612/xif0q/book/6/j/y/oswaal-one-for-all-olympiad-previous-years-solved-papers-class-5-original-imahy57kdpwgbazy.jpeg?q=70,₹766,₹958,20% off,"Product Bundle, Oswaal Editorial Board",
Oswaal Lil Legends Illustrated Panchatantra Stories - The Brahmin & Three Crooks for Kids | Preschool Book For Kids,9789359582641,https://www.flipkart.com/oswaal-lil-legends-illustrated-panchatantra-stories-brahmin-three-crooks-kids-preschool-book/p/itm2b77b92e875d7?pid=9789359582641,https://rukminim2.flixcart.com/image/612/612/xif0q/book/q/v/m/oswaal-lil-legends-illustrated-panchatantra-stories-the-brahmin-original-imahfg2n7zdfykf9.jpeg?q=70,₹71,₹79,10% off,"Paperback, Oswaal Editorial Board",
"Oswaal Karnataka 2nd PUC Question Bank Class 12 English, Chapterwise & Topicwise Previous Solved Papers (2017-2024) for Board Exams 2025",9789362395658,https://www.flipkart.com/oswaal-karnataka-2nd-puc-question-bank-class-12-english-chapterwise-topicwise-previous-solved-papers-2017-2024-board-exams-2025/p/itmbae419b663004?pid=9789362395658,https://rukminim2.flixcart.com/image/612/612/xif0q/book/i/1/n/oswaal-karnataka-2nd-puc-question-bank-class-12-english-original-imah26hh2nfn6ac2.jpeg?q=70,₹449,₹499,10% off,"Paperback, Oswaal Editorial Board",
"Oswaal Karnataka 2nd PUC Question Bank Class 12 Mathematics, Chapterwise & Topicwise Previous Solved Papers (2017-2024) for Board Exams 2025",9789362399311,https://www.flipkart.com/oswaal-karnataka-2nd-puc-question-bank-class-12-mathematics-chapterwise-topicwise-previous-solved-papers-2017-2024-board-exams-2025/p/itm361695c67608c?pid=9789362399311,https://rukminim2.flixcart.com/image/612/612/xif0q/book/c/r/m/oswaal-karnataka-2nd-puc-question-bank-class-12-mathematics-original-imah26mfv5me6fcz.jpeg?q=70,₹539,₹599,10% off,"Paperback, Oswaal Editorial Board",
"Oswaal Karnataka 2nd PUC Question Bank Class 12 Hindi, Chapterwise & Topicwise Previous Solved Papers (2017-2024) for Board Exams 2025",9789362396228,https://www.flipkart.com/oswaal-karnataka-2nd-puc-question-bank-class-12-hindi-chapterwise-topicwise-previous-solved-papers-2017-2024-board-exams-2025/p/itm1d4cdb9684d47?pid=9789362396228,https://rukminim2.flixcart.com/image/612/612/xif0q/book/l/t/x/oswaal-karnataka-2nd-puc-question-bank-class-12-hindi-original-imah26hrxv8hrh3z.jpeg?q=70,₹359,₹399,10% off,"Paperback, Oswaal Editorial Board",
"Oswaal Karnataka 2nd PUC Question Bank Class 12 Physics, Chapterwise & Topicwise Previous Solved Papers (2017-2024) for Board Exams 2025",9789362393432,https://www.flipkart.com/oswaal-karnataka-2nd-puc-question-bank-class-12-physics-chapterwise-topicwise-previous-solved-papers-2017-2024-board-exams-2025/p/itm9bb685492806e?pid=9789362393432,https://rukminim2.flixcart.com/image/612/612/xif0q/book/5/h/k/oswaal-karnataka-2nd-puc-question-bank-class-12-physics-original-imah26mcgw4au8n7.jpeg?q=70,₹521,₹599,13% off,"Paperback, Oswaal Editorial Board",
"Oswaal Karnataka 2nd PUC Question Bank Class 12 Biology, Chapterwise & Topicwise Previous Solved Papers (2017-2024) for Board Exams 2025",9789362391919,https://www.flipkart.com/oswaal-karnataka-2nd-puc-question-bank-class-12-biology-chapterwise-topicwise-previous-solved-papers-2017-2024-board-exams-2025/p/itm5f39fb3d789d1?pid=9789362391919,https://rukminim2.flixcart.com/image/612/612/xif0q/book/8/r/b/oswaal-karnataka-2nd-puc-question-bank-class-12-biology-original-imah26g24r3wnpmm.jpeg?q=70,₹438,₹499,12% off,"Paperback, Oswaal Editorial Board",
Oswaal Karnataka 2nd PUC Question Bank Class 12 Accountancy | Chapterwise & Topicwise Previous Solved Papers (2017-2024) | For Board Exams 2025 Oswaal Editorial Board,9789362393623,https://www.flipkart.com/oswaal-karnataka-2nd-puc-question-bank-class-12-accountancy-chapterwise-topicwise-previous-solved-papers-2017-2024-board-exams-2025-editorial/p/itm0850bda1ba46e?pid=9789362393623,https://rukminim2.flixcart.com/image/612/612/xif0q/book/x/3/6/oswaal-karnataka-2nd-puc-question-bank-class-12-accountancy-original-imah26mbspj7suu2.jpeg?q=70,₹629,₹699,10% off,"Paperback, Oswaal Editorial Board",
Oswaal Karnataka 2nd PUC Question Bank Class 12 Business Studies | Chapterwise & Topicwise Previous Solved Papers (2017-2024) | For Board Exams 2025 Oswaal Editorial Board,9789362397010,https://www.flipkart.com/oswaal-karnataka-2nd-puc-question-bank-class-12-business-studies-chapterwise-topicwise-previous-solved-papers-2017-2024-board-exams-2025-editorial/p/itm65cd2f165765b?pid=9789362397010,https://rukminim2.flixcart.com/image/612/612/xif0q/book/y/a/a/oswaal-karnataka-2nd-puc-question-bank-class-12-business-studies-original-imah26m954adkuza.jpeg?q=70,₹449,₹499,10% off,"Paperback, Oswaal Editorial Board",
Oswaal Karnataka 2nd PUC Question Bank Class 12 History | Chapterwise & Topicwise Previous Solved Papers (2017-2024) | For Board Exams 2025 Oswaal Editorial Board,9789362399489,https://www.flipkart.com/oswaal-karnataka-2nd-puc-question-bank-class-12-history-chapterwise-topicwise-previous-solved-papers-2017-2024-board-exams-2025-editorial/p/itm9228271eb06b7?pid=9789362399489,https://rukminim2.flixcart.com/image/612/612/xif0q/book/s/1/u/oswaal-karnataka-2nd-puc-question-bank-class-12-history-original-imah26nfkc9fezjy.jpeg?q=70,₹359,₹399,10% off,"Paperback, Oswaal Editorial Board",
Oswaal Karnataka 2nd PUC Question Bank Class 12 Economics | Chapterwise & Topicwise Previous Solved Papers (2017-2024) | For Board Exams 2025 Oswaal Editorial Board,9789362396235,https://www.flipkart.com/oswaal-karnataka-2nd-puc-question-bank-class-12-economics-chapterwise-topicwise-previous-solved-papers-2017-2024-board-exams-2025-editorial/p/itm2924c2a0555a2?pid=9789362396235,https://rukminim2.flixcart.com/image/612/612/xif0q/book/h/x/u/oswaal-karnataka-2nd-puc-question-bank-class-12-economics-original-imah26md36cahqdg.jpeg?q=70,₹438,₹499,12% off,"Paperback, Oswaal Editorial Board",
Oswaal One For All Workbook | Concept Wise Class-1 English Book | For Latest Exam,9789362397614,https://www.flipkart.com/oswaal-one-all-workbook-concept-wise-class-1-english-book-latest-exam/p/itm3516cc48d8a2e?pid=9789362397614,https://rukminim2.flixcart.com/image/612/612/xif0q/book/6/a/z/oswaal-one-for-all-workbook-concept-wise-class-1-english-book-original-imah2azhgrpwbhuf.jpeg?q=70,₹224,₹249,10% off,"Paperback, Oswaal Editorial Board",
Oswaal One For All Workbook | Concept Wise Class-1 Mathematics Book | For Latest Exam,9789362399021,https://www.flipkart.com/oswaal-one-all-workbook-concept-wise-class-1-mathematics-book-latest-exam/p/itm63bb67dad581b?pid=9789362399021,https://rukminim2.flixcart.com/image/612/612/xif0q/book/q/v/a/oswaal-one-for-all-workbook-concept-wise-class-1-mathematics-original-imah2azjeyhtjyh5.jpeg?q=70,₹233,₹259,10% off,"Paperback, Oswaal Editorial Board",
Oswaal One For All Workbook | Concept Wise Class-2 English Book | For Latest Exam [Paperback] Oswaal Editorial Board,9789362392039,https://www.flipkart.com/oswaal-one-all-workbook-concept-wise-class-2-english-book-latest-exam-paperback-editorial-board/p/itm570d256701de9?pid=9789362392039,https://rukminim2.flixcart.com/image/612/612/xif0q/book/n/3/y/oswaal-one-for-all-workbook-concept-wise-class-2-english-book-original-imah29ut5why77bc.jpeg?q=70,₹224,₹249,10% off,"Paperback, Oswaal Editorial Board",
Oswaal One For All Workbook | Concept Wise Class-3 Mathematics Book | For Latest Exam [Paperback] Oswaal Editorial Board,9789362399151,https://www.flipkart.com/oswaal-one-all-workbook-concept-wise-class-3-mathematics-book-latest-exam-paperback-editorial-board/p/itm83216cc1efe50?pid=9789362399151,https://rukminim2.flixcart.com/image/612/612/xif0q/book/d/q/f/oswaal-one-for-all-workbook-concept-wise-class-3-mathematics-original-imah2aqhfv5kgngu.jpeg?q=70,₹355,₹369,3% off,"Paperback, Oswaal Editorial Board",
Oswaal One For All Workbook | Concept Wise Class-3 Science Book | For Latest Exam [Paperback] Oswaal Editorial Board,9789362391773,https://www.flipkart.com/oswaal-one-all-workbook-concept-wise-class-3-science-book-latest-exam-paperback-editorial-board/p/itm952e6c55b7317?pid=9789362391773,https://rukminim2.flixcart.com/image/612/612/xif0q/book/y/c/5/oswaal-one-for-all-workbook-concept-wise-class-3-science-book-original-imah2aqg4an657na.jpeg?q=70,₹269,₹299,10% off,"Paperback, Oswaal Editorial Board",
Oswaal One For All Workbook | Concept Wise Class-4 Mathematics Book | For Latest Exam,9789362394279,https://www.flipkart.com/oswaal-one-all-workbook-concept-wise-class-4-mathematics-book-latest-exam/p/itm4923e39d5dfc9?pid=9789362394279,https://rukminim2.flixcart.com/image/612/612/xif0q/book/a/p/g/oswaal-one-for-all-workbook-concept-wise-class-4-mathematics-original-imah2azmyhzwjg2n.jpeg?q=70,₹359,₹399,10% off,"Paperback, Oswaal Editorial Board",
Oswaal One For All Workbook | Concept Wise Class-5 Mathematics Book | For Latest Exam [Paperback] Oswaal Editorial Board,9789362390653,https://www.flipkart.com/oswaal-one-all-workbook-concept-wise-class-5-mathematics-book-latest-exam-paperback-editorial-board/p/itmb98956bc257d0?pid=9789362390653,https://rukminim2.flixcart.com/image/612/612/xif0q/book/k/r/v/oswaal-one-for-all-workbook-concept-wise-class-5-mathematics-original-imah29ufpjwgpvtc.jpeg?q=70,₹296,₹329,10% off,"Paperback, Oswaal Editorial Board",
Oswaal One For All Workbook | Concept Wise Class-5 English Book | For Latest Exam [Paperback] Oswaal Editorial Board,9789362399809,https://www.flipkart.com/oswaal-one-all-workbook-concept-wise-class-5-english-book-latest-exam-paperback-editorial-board/p/itm759ab4ff24dff?pid=9789362399809,https://rukminim2.flixcart.com/image/612/612/xif0q/book/w/e/o/oswaal-one-for-all-workbook-concept-wise-class-5-english-book-original-imah29uhsfdx4wzm.jpeg?q=70,₹359,₹399,10% off,"Paperback, Oswaal Editorial Board",
"Oswaal One For All Question Bank NCERT & CBSE, Class-7 Sanskrit (For Latest Exam)",9789362396518,https://www.flipkart.com/oswaal-one-all-question-bank-ncert-cbse-class-7-sanskrit-for-latest-exam/p/itmacddb38b9eddd?pid=9789362396518,https://rukminim2.flixcart.com/image/612/612/xif0q/book/h/u/y/oswaal-one-for-all-question-bank-ncert-cbse-class-7-sanskrit-for-original-imah3yg2apnz8deh.jpeg?q=70,₹269,₹299,10% off,"Paperback, Oswaal Editorial Board",
"Oswaal One For All Question Bank NCERT & CBSE, Class-7 Hindi (For Latest Exam)",9789362392275,https://www.flipkart.com/oswaal-one-all-question-bank-ncert-cbse-class-7-hindi-for-latest-exam/p/itm972b912d47c11?pid=9789362392275,https://rukminim2.flixcart.com/image/612/612/xif0q/book/q/k/9/oswaal-one-for-all-question-bank-ncert-cbse-class-7-hindi-for-original-imah3ye24nsxq2kw.jpeg?q=70,₹449,₹499,10% off,"Paperback, Oswaal Editorial Board",
Oswaal One For All Workbook Concept Wise Class-4 English (For Latest Exam),9789362392596,https://www.flipkart.com/oswaal-one-all-workbook-concept-wise-class-4-english-for-latest-exam/p/itm04a4c8a4d7398?pid=9789362392596,https://rukminim2.flixcart.com/image/612/612/xif0q/book/g/d/7/oswaal-one-for-all-workbook-concept-wise-class-4-english-for-original-imah2by7fktzzyfw.jpeg?q=70,₹269,₹299,10% off,"Paperback, Oswaal Editorial Board",
Oswaal One For All Workbook Concept Wise Class-3 English (For Latest Exam),9789362399496,https://www.flipkart.com/oswaal-one-all-workbook-concept-wise-class-3-english-for-latest-exam/p/itm6b2b3708b0936?pid=9789362399496,https://rukminim2.flixcart.com/image/612/612/xif0q/book/w/h/r/oswaal-one-for-all-workbook-concept-wise-class-3-english-for-original-imah2by3tvfy7zjs.jpeg?q=70,₹314,₹349,10% off,"Paperback, Oswaal Editorial Board",
Oswaal One For All Workbook Concept Wise Class-2 Mathematics (For Latest Exam),9789362397140,https://www.flipkart.com/oswaal-one-all-workbook-concept-wise-class-2-mathematics-for-latest-exam/p/itm42cb74ac180ad?pid=9789362397140,https://rukminim2.flixcart.com/image/612/612/xif0q/book/j/s/e/oswaal-one-for-all-workbook-concept-wise-class-2-mathematics-for-original-imah2azyxggnexjh.jpeg?q=70,₹296,₹329,10% off,"Paperback, Oswaal Editorial Board",
Oswaal One For All Workbook Concept Wise Class-1 Science (For Latest Exam),9789362398383,https://www.flipkart.com/oswaal-one-all-workbook-concept-wise-class-1-science-for-latest-exam/p/itmfc1d0118e0052?pid=9789362398383,https://rukminim2.flixcart.com/image/612/612/xif0q/book/f/s/h/oswaal-one-for-all-workbook-concept-wise-class-1-science-for-original-imah3yfzyeh39tqd.jpeg?q=70,₹296,₹329,10% off,"Paperback, Oswaal Editorial Board",
Oswaal One For All Workbook Concept Wise Class-4 Science (For Latest Exam),9789362392367,https://www.flipkart.com/oswaal-one-all-workbook-concept-wise-class-4-science-for-latest-exam/p/itm2fd5adddea0db?pid=9789362392367,https://rukminim2.flixcart.com/image/612/612/xif0q/book/i/5/y/oswaal-one-for-all-workbook-concept-wise-class-4-science-for-original-imah2bybh5gyq8hy.jpeg?q=70,₹359,₹399,10% off,"Paperback, Oswaal Editorial Board",
Reasoning For Competitive Examinations,9789357289023,https://www.flipkart.com/reasoning-competitive-examinations/p/itm5d40fda9e0076?pid=9789357289023,https://rukminim2.flixcart.com/image/612/612/xif0q/book/c/h/e/reasoning-for-competitive-examinations-original-imah2zqfrzgy49dz.jpeg?q=70,₹699,,,"Paperback, Nishith",
