Seller,Rating,Price,MRP,Discount,ISBN

OswaalBooks,4.1,₹505,₹632,20% off,9789357285452
LDSONLINE,4.3,₹279,₹349,20% off,9789359584034
IdealBooksInternational,4.6,₹284,₹349,18% off,9789359584034
OswaalBooks,4.1,₹314,₹349,10% off,9789359584034
Batheja Books,4.4,₹339,₹349,2% off,9789359584034
BOOKNETZ,3.8,₹349,,,9789359584034
Repro Books on Demand,4.1,₹246,₹349,29% off,9789359584034
OswaalBooks,4.1,₹318,₹398,20% off,9789357283236
BOOKNETZ,3.8,₹398,,,9789357283236
Repro Books on Demand,4.1,₹398,,,9789357283236
OswaalBooks,4.1,₹99,₹199,50% off,9789357288101
Repro Books on Demand,4.1,₹199,,,9789357288101
Repro Books on Demand,4.1,₹329,₹399,17% off,9789359582955
Batheja Books,4.4,₹399,,,9789359582955
OswaalBooks,4.1,₹359,₹399,10% off,9789359582955
BOOKNETZ,3.8,₹399,,,9789359582955


