Price,MRP,Discount,Seller,ISBN
₹319,₹575,44% off,LDSONLINE,9788119896196
₹322,₹575,44% off,BooksMania,9788119896196
₹319,₹575,44% off,Zombozone,9788119896196
₹340,₹575,40% off,Mittal Books,9788119896196
₹439,₹575,23% off,DreamFactory,9788119896196
₹390,₹575,32% off,ARSHBOOK,9788119896196
₹446,₹575,22% off,readerscummunity,9788119896196
₹484,₹575,15% off,MIBooks,9788119896196
₹385,₹575,33% off,apdrajasthan,9788119896196
₹489,₹575,14% off,ANVITABOOKS,9788119896196
₹418,₹575,27% off,BHARGAVBOOK,9788119896196
₹500,₹575,13% off,NationalBookEnterprises,9788119896196
₹500,₹575,13% off,ManavBooks,9788119896196
₹499,₹575,13% off,VIJAYBOOKSELLER,9788119896196
₹518,₹575,9% off,BHARGAVBOOKAGENCY,9788119896196
₹479,₹575,16% off,OldBucket,9788119896196
₹460,₹575,20% off,NCJJ,9788119896196
₹460,₹575,20% off,TEJASCREATION,9788119896196
₹520,₹575,9% off,Sasti Hatti,9788119896196
₹500,₹575,13% off,INSTABOOKSTORE,9788119896196
₹460,₹575,20% off,Bhartiyapustakalay,9788119896196
₹495,₹575,13% off,BOOKSAS,9788119896196
₹449,₹575,21% off,YBSECOM,9788119896196
₹509,₹575,11% off,TBHENTERPRISES,9788119896196
₹570,₹575,,MAAPARWATIENTERPR,9788119896196
₹565,₹575,1% off,COMPETITIONSPARADISE,9788119896196
₹550,₹575,4% off,BOOKSBYRAJKUMARI,9788119896196
₹168,₹195,13% off,Fortune500,9788177586466
₹120,₹175,31% off,BooksMania,9788177586466
₹195,,,LDSONLINE,9788177586466
₹195,,,YBSECOM,9788177586466
₹170,₹195,12% off,NCJJ,9788177586466
₹170,₹195,12% off,StyleGo,9788177586466
₹178,₹198,10% off,artsdream,9788177586466
₹184,₹185,,Batheja Books,9788177586466
₹176,₹195,9% off,BHARGAVBOOK,9788177586466
₹150,₹195,23% off,HEMANIENTERPRISES,9788177586466
₹190,₹195,2% off,OnlineLibrary,9788177586466
₹180,₹185,2% off,BHARGHAVIBOOKS,9788177586466
₹185,₹195,5% off,24x7worldlibrary,9788177586466
₹180,₹185,2% off,CRAFTJISHREE,9788177586466
₹185,,,UdayBooks,9788177586466
₹158,₹200,21% off,LANDMARKTHEBOOKSTORE,9788177586466
₹175,₹185,5% off,SHABDTREE,9788177586466
₹195,,,BharatiyamStore,9788177586466
₹175,₹195,10% off,MittalBrothers,9788177586466
₹145,₹195,25% off,Bhartiyapustakalay,9788129703996
₹170,₹195,12% off,readerscummunity,9788129703996
₹173,₹180,3% off,artsdream,9788129703996
₹175,₹185,5% off,Fortune500,9788129703996
₹180,₹195,7% off,NCJJ,9788129703996
₹179,₹195,8% off,StyleGo,9788129703996
₹200,,,KNTBOOKS,9788129703996
₹175,₹185,5% off,SHABDTREE,9788129703996
₹185,,,NEW JAISWAL COMPETITION BOOK DEPO HARDOI,9788129703996
₹119,₹169,29% off,Kammmalamazingbookstore,9788129703996
₹119,₹169,29% off,Nikitanikitabookstore,9788129703996
₹899,₹979,8% off,DreamFactory,9789357051484
₹973,₹979,,Fortune500,9789357051484
₹966,₹979,1% off,Mittal Books,9789357051484
₹855,₹979,12% off,BOOKSAS,9789357051484
₹881,₹979,10% off,MittalBrothers,9789357051484
₹935,"₹1,000",6% off,CRAFTJISHREE,9789357051484
₹936,"₹1,000",6% off,TEJASCREATION,9789357051484
₹939,"₹1,000",6% off,NCJJ,9789357051484
₹954,₹979,2% off,BHARGHAVIBOOKS,9789357051484
₹855,₹979,12% off,MANAV BOOK AGENCY,9789357051484
₹979,,,BooksMania,9789357051484
₹985,"₹1,000",1% off,readerscummunity,9789357051484
₹999,"₹1,000",,KNTBOOKS,9789357051484
₹979,,,BOOKCENTRE,9789357051484
₹899,₹979,8% off,Bharatiya Culture,9789357051484
₹979,,,BOOKLOVER,9789357051484
₹699,"₹1,000",30% off,Booooks,9789357051484
